{
	"@context": 
	{
		"xsd": "http://www.w3.org/2001/XMLSchema#",
		"title": "http://purl.org/dc/terms/title",
		"alternativeTitle": "http://purl.org/dc/terms/alternative",
		"otherTitleInformation": "http://rdvocab.info/Elements/otherTitleInformation",
		"fullTitle": "http://purl.org/dc/terms/title",
		"shortTitle": "http://purl.org/ontology/bibo/shortTitle",
		"creator": 
		{
			"@id": "http://purl.org/dc/terms/creator",
			"@type": "@id"
		},

		"contributorName": "http://purl.org/dc/elements/1.1/contributor",
		"creatorName": "http://purl.org/dc/elements/1.1/creator",
		"statementOfResponsibility": "http://rdvocab.info/Elements/statementOfResponsibility",
		"contributor": 
		{
			"@id": "http://purl.org/dc/terms/contributor",
			"@type": "@id"
		},

		"actor": 
		{
			"@id": "http://id.loc.gov/vocabulary/relators/act",
			"@type": "@id"
		},

		"afterwordBy": 
		{
			"@id": "http://id.loc.gov/vocabulary/relators/aft",
			"@type": "@id"
		},

		"introductionBy": 
		{
			"@id": "http://id.loc.gov/vocabulary/relators/aui",
			"@type": "@id"
		},

		"screenwriter": 
		{
			"@id": "http://id.loc.gov/vocabulary/relators/aus",
			"@type": "@id"
		},

		"collaborator": 
		{
			"@id": "http://id.loc.gov/vocabulary/relators/clb",
			"@type": "@id"
		},

		"composer": 
		{
			"@id": "http://id.loc.gov/vocabulary/relators/cmp",
			"@type": "@id"
		},

		"conductor": 
		{
			"@id": "http://id.loc.gov/vocabulary/relators/cnd",
			"@type": "@id"
		},

		"cinematographer": 
		{
			"@id": "http://id.loc.gov/vocabulary/relators/cng",
			"@type": "@id"
		},

		"collector": 
		{
			"@id": "http://id.loc.gov/vocabulary/relators/col",
			"@type": "@id"
		},

		"contributor_": 
		{
			"@id": "http://id.loc.gov/vocabulary/relators/ctb",
			"@type": "@id"
		},

		"cartographer": 
		{
			"@id": "http://id.loc.gov/vocabulary/relators/ctg",
			"@type": "@id"
		},

		"director": 
		{
			"@id": "http://id.loc.gov/vocabulary/relators/drt",
			"@type": "@id"
		},

		"dedicatee": 
		{
			"@id": "http://id.loc.gov/vocabulary/relators/dte",
			"@type": "@id"
		},

		"engraver": 
		{
			"@id": "http://id.loc.gov/vocabulary/relators/egr",
			"@type": "@id"
		},

		"illustrator": 
		{
			"@id": "http://id.loc.gov/vocabulary/relators/ill",
			"@type": "@id"
		},

		"interviewee": 
		{
			"@id": "http://id.loc.gov/vocabulary/relators/ive",
			"@type": "@id"
		},

		"interviewer": 
		{
			"@id": "http://id.loc.gov/vocabulary/relators/ivr",
			"@type": "@id"
		},

		"musician": 
		{
			"@id": "http://id.loc.gov/vocabulary/relators/mus",
			"@type": "@id"
		},

		"photographer": 
		{
			"@id": "http://id.loc.gov/vocabulary/relators/pht",
			"@type": "@id"
		},

		"performer": 
		{
			"@id": "http://id.loc.gov/vocabulary/relators/prf",
			"@type": "@id"
		},

		"producer": 
		{
			"@id": "http://id.loc.gov/vocabulary/relators/pro",
			"@type": "@id"
		},

		"singer": 
		{
			"@id": "http://id.loc.gov/vocabulary/relators/sng",
			"@type": "@id"
		},

		"honoree": 
		{
			"@id": "http://id.loc.gov/vocabulary/relators/hnr",
			"@type": "@id"
		},

		"publicationStatement": "http://rdvocab.info/Elements/publicationStatement",
		"source": "http://purl.org/dc/terms/source",
		"placeOfPublication": "http://rdvocab.info/Elements/placeOfPublication",
		"publisher": "http://purl.org/dc/elements/1.1/publisher",
		"issued": "http://purl.org/dc/terms/issued",
		"sameAs": 
		{
			"@id": "http://www.w3.org/2002/07/owl#sameAs",
			"@type": "@id"
		},

		"similar": 
		{
			"@id": "http://umbel.org/umbel#isLike",
			"@type": "@id"
		},

		"issn": "http://purl.org/ontology/bibo/issn",
		"eissn": "http://purl.org/ontology/bibo/eissn",
		"lccn": "http://purl.org/ontology/bibo/lccn",
		"oclcnum": "http://purl.org/ontology/bibo/oclcnum",
		"isbn10": "http://purl.org/ontology/bibo/isbn",
		"isbn13": "http://purl.org/ontology/bibo/isbn13",
		"ism": "http://purl.org/ontology/mo/ismn",
		"urn": "http://purl.org/lobid/lv#urn",
		"doi": 
		{
			"@id": "http://purl.org/ontology/bibo/doi",
			"@type": "@id"
		},

		"wikipedia": 
		{
			"@id": "http://purl.org/ontology/mo/wikipedia",
			"@type": "@id"
		},

		"workManifested": 
		{
			"@id": "http://rdvocab.info/RDARelationshipsWEMI/workManifested",
			"@type": "@id"
		},

		"medium": 
		{
			"@id": "http://purl.org/dc/terms/medium",
			"@type": "@id"
		},

		"hasPart": 
		{
			"@id": "http://purl.org/dc/terms/hasPart",
			"@type": "@id"
		},

		"isPartOf": 
		{
			"@id": "http://purl.org/dc/terms/isPartOf",
			"@type": "@id"
		},

		"inDataset": 
		{
			"@id": "http://www.w3.org/2000/01/rdf-schema#inDataset",
			"@type": "@id"
		},

		"isPartOfName": "http://purl.org/dc/elements/1.1/isPartOf",
		"hasVersion": 
		{
			"@id": "http://purl.org/dc/terms/hasVersion",
			"@type": "@id"
		},

		"isFormatOf": 
		{
			"@id": "http://purl.org/dc/terms/isFormatOf",
			"@type": "@id"
		},

		"hasFormat": 
		{
			"@id": "http://purl.org/dc/terms/hasFormat",
			"@type": "@id"
		},

		"seeAlso": 
		{
			"@id": "http://www.w3.org/2000/01/rdf-schema#seeAlso",
			"@type": "@id"
		},

		"tableOfContents": 
		{
			"@id": "http://purl.org/dc/terms/tableOfContents",
			"@type": "@id"
		},

		"hbzId": "http://purl.org/lobid/lv#hbzID",
		"language": 
		{
			"@id": "http://purl.org/dc/terms/language",
			"@type": "@id"
		},

		"extent": "http://iflastandards.info/ns/isbd/elements/P1053",
		"edition": "http://purl.org/ontology/bibo/edition",
		"bibliographicCitation": "http://purl.org/dc/terms/bibliographicCitation",
		"abstract": "http://purl.org/dc/terms/abstract",
		"subject": 
		{
			"@id": "http://purl.org/dc/terms/subject",
			"@type": "@id"
		},

		"subjectLabel": "http://purl.org/dc/elements/1.1/subject",
		"editor": 
		{
			"@id": "http://purl.org/ontology/bibo/editor",
			"@type": "@id"
		},

		"translator": 
		{
			"@id": "http://purl.org/ontology/bibo/translator",
			"@type": "@id"
		},

		"volume": "http://purl.org/ontology/bibo/volume",
		"callNumber": "http://purl.org/ontology/daia/label",
		"exemplar": 
		{
			"@id": "http://purl.org/vocab/frbr/core#exemplar",
			"@type": "@id"
		},

		"exemplarOf": 
		{
			"@id": "http://purl.org/vocab/frbr/core#exemplarOf",
			"@type": "@id"
		},

		"owner": 
		{
			"@id": "http://purl.org/vocab/frbr/core#owner",
			"@type": "@id"
		},

		"isPrimaryTopicOf": 
		{
			"@id": "http://xmlns.com/foaf/0.1/isPrimaryTopicOf",
			"@type": "@id"
		},

		"describedBy": 
		{
			"@id": "http://www.w3.org/2007/05/powder-s#describedby",
			"@type": "@id"
		},

		"dateOfBirth": "http://d-nb.info/standards/elementset/gnd#dateOfBirth",
		"dateOfDeath": "http://d-nb.info/standards/elementset/gnd#dateOfDeath",
		"preferredNameForThePerson": "http://d-nb.info/standards/elementset/gnd#preferredNameForThePerson",
		"prefLabel": "http://www.w3.org/2004/02/skos/core#prefLabel",
		"primaryTopic": 
		{
			"@id": "http://xmlns.com/foaf/0.1/primaryTopic",
			"@type": "@id"
		},

		"longitudeAndLatitude": "http://rdvocab.info/Elements/longitudeAndLatitude",
		"preferredNameForThePlaceOrGeographicName": "http://d-nb.info/standards/elementset/gnd#preferredNameForThePlaceOrGeographicName",
		"preferredNameForTheSubjectHeading": "http://d-nb.info/standards/elementset/gnd#preferredNameForTheSubjectHeading",
		"preferredNameForTheConferenceOrEvent": "http://d-nb.info/standards/elementset/gnd#preferredNameForTheConferenceOrEvent",
		"preferredNameForTheCorporateBody": "http://d-nb.info/standards/elementset/gnd#preferredNameForTheCorporateBody",
		"preferredNameEntityForThePerson": "http://d-nb.info/standards/elementset/gnd#preferredNameEntityForThePerson",
		"preferredNameForTheFamily": "http://d-nb.info/standards/elementset/gnd#preferredNameForTheFamily",
		"preferredNameForTheWork": "http://d-nb.info/standards/elementset/gnd#preferredNameForTheWork",
		"preferredName": "http://d-nb.info/standards/elementset/gnd#preferredName",
		"fulltextOnline": 
		{
			"@id": "http://purl.org/lobid/lv#fulltextOnline",
			"@type": "@id"
		},

		"hasURN": "http://geni-orca.renci.org/owl/topology.owl#hasURN",
		"contentType": "http://hbz-nrw.de/regal#contentType",
		"aggregates": 
		{
			"@id": "http://www.openarchives.org/ore/terms/aggregates",
			"@type": "@id"
		},

		"isDescribedBy": 
		{
			"@id": "http://www.openarchives.org/ore/terms/isDescribedBy",
			"@type": "@id"
		},

		"similarTo": 
		{
			"@id": "http://www.openarchives.org/ore/terms/similarTo",
			"@type": "@id"
		},

		"isLike": 
		{
			"@id": "http://www.umbel.org/specifications/vocabulary#isLike",
			"@type": "@id"
		},

		"created": "http://purl.org/dc/terms/created",
		"modified": "http://purl.org/dc/terms/modified",
		"describes": 
		{
			"@id": "http://www.openarchives.org/ore/terms/describes",
			"@type": "@id"
		},

		"size": "http://downlode.org/Code/RDF/File_Properties/schema#size",
		"checksumValue": "http://downlode.org/Code/RDF/File_Properties/schema#checksumValue",
		"generator": "http://downlode.org/Code/RDF/File_Properties/schema#generator",
		"type": "http://www.w3.org/2000/01/rdf-schema#type",
		"P1004": "http://iflastandards.info/ns/isbd/elements/P1004",
		"P1006": "http://iflastandards.info/ns/isbd/elements/P1006",
		"P1016": "http://iflastandards.info/ns/isbd/elements/P1016",
		"lobidFulltextOnline": "http://lobid.org/vocab/lobid#fulltextOnline",
		"label": "http://www.w3.org/2000/01/rdf-schema#label",
		"format": "http://purl.org/dc/terms/format",
		"checksum": "http://downlode.org/Code/RDF/File_Properties/schema#checksum",
		"hasTransformer": "http://hbz-nrw.de/regal#hasTransformer",
		"hasData": "http://hbz-nrw.de/regal#hasData",
		"isAggregatedBy": "http://www.openarchives.org/ore/terms/isAggregatedBy"
	}
}