{
	"mappings": 
	{
		"monograph": 
		{
			"properties": 
			{
				"@graph.http://purl.org/dc/terms/isPartOf": 
				{
					"type": "string",
					"index": "not_analyzed"
				}
			}
		},

		"journal": 
		{
			"properties": 
			{
				"@graph.http://purl.org/dc/terms/isPartOf": 
				{
					"type": "string",
					"index": "not_analyzed"
				}
			}
		},

		"volume": 
		{
			"properties": 
			{
				"@graph.http://purl.org/dc/terms/isPartOf": 
				{
					"type": "string",
					"index": "not_analyzed"
				}
			}
		},

		"file": 
		{
			"properties": 
			{
				"@graph.http://purl.org/dc/terms/isPartOf": 
				{
					"type": "string",
					"index": "not_analyzed"
				}
			}
		}
	}
}